Название ;Науки
Автомобильные дороги и мосты;технические (строительство и эксплуатация дорог и мостов)
Агропанорама;"технические (сельскохозяйственное машиностроение и энергетика, технический сервис в агропромышленном комплексе);"
Агропанорама;"экономические (агропромышленный комплекc);"
Агропанорама;сельскохозяйственные (зоотехния)
Аграрная экономика;"сельскохозяйственные;"
Аграрная экономика;экономические (агропромышленный комплекс)
Адукацыя і выхаванне;"педагогические;"
Адукацыя і выхаванне;"психологические;"
Адукацыя і выхаванне;философские
Артэфакт;"философские (философская антропология, философия культуры, эстетика); искусствоведение"
Архивы и делопроизводство;исторические (документалистика, документо- и архивоведение, историография, источниковедение и методы исторического исследования)
Архитектура и строительство;"архитектура;"
Архитектура и строительство;технические (геодезия, строительство)
Архитектура и строительные науки;"архитектура; технические (техническая эстетика и дизайн, строительство; деревопереработка)"
Банкаўскі веснік;экономические
Беларуская думка *;"исторические;"
Беларуская думка *;"политические;"
Беларуская думка *;"филологические;"
Беларуская думка *;"философские;"
Беларуская думка *;"экономические;"
Беларуская думка *;социологические
Беларуская лінгвістыка;филологические (языкознание)
Беларуская мова і літаратура;"педагогические (методика обучения белорусскому языку и литературе); филологические"
Беларускі гістарычны часопіс;"исторические;"
Беларускі гістарычны часопіс;"искусствоведение; культурология;"
Беларускі гістарычны часопіс;юридические
Белая Вежа;"исторические;"
Белая Вежа;филологические (литературоведение)
Белорусский экономический журнал;экономические
Біялогія і хімія;педагогические
Бухгалтерский учет и анализ;экономические (бухгалтерский учет и статистика)
Веснік адукацыі;педагогические
Веснік Беларускага дзяржаўнага ўніверсітэта культуры і мастацтваў;"искусствоведение;"
Веснік Беларускага дзяржаўнага ўніверсітэта культуры і мастацтваў;"культурология;"
Веснік Беларускага дзяржаўнага ўніверсітэта культуры і мастацтваў;"педагогические (вопросы социально-культурной деятельности, библиотековедения и книговедения; теории и методики профессионального образования)"
Веснік Беларускага дзяржаўнага эканамічнага ўніверсітэта ;"политические;"
Веснік Беларускага дзяржаўнага эканамічнага ўніверсітэта ;"социологические;"
Веснік Беларускага дзяржаўнага эканамічнага ўніверсітэта ;"технические (товароведение экспертиза и безопасность непродовольственных товаров и сырьевых ресурсов);"
Веснік Беларускага дзяржаўнага эканамічнага ўніверсітэта ;"философские;"
Веснік Беларускага дзяржаўнага эканамічнага ўніверсітэта ;"экономические;"
Веснік Беларускага дзяржаўнага эканамічнага ўніверсітэта ;юридические
Веснік Брэсцкага ўніверсітэта. Серыя 1.Філасофія. Паліталогія. Сацыялогія;"философские;"
Веснік Брэсцкага ўніверсітэта. Серыя 1.Філасофія. Паліталогія. Сацыялогія;"политические;"
Веснік Брэсцкага ўніверсітэта. Серыя 1.Філасофія. Паліталогія. Сацыялогія;социологические
Веснік Брэсцкага ўніверсітэта. Серыя 2. Гісторыя. Эканоміка. Права;"исторические;"
Веснік Брэсцкага ўніверсітэта. Серыя 2. Гісторыя. Эканоміка. Права;"экономические;"
Веснік Брэсцкага ўніверсітэта. Серыя 2. Гісторыя. Эканоміка. Права;юридические
Веснік Брэсцкага ўніверсітэта. Серия 3. Філалогія. Педагогіка. Псіхалогія;"педагогические;"
Веснік Брэсцкага ўніверсітэта. Серия 3. Філалогія. Педагогіка. Псіхалогія;"психологические;"
Веснік Брэсцкага ўніверсітэта. Серия 3. Філалогія. Педагогіка. Псіхалогія;филологические
Веснік Брэсцкага ўніверсітэта.Серия 4. Фізіка.Матэматыка;физико-математические–(физика)
Веснік Брэсцкага ўніверсітэта. Серыя 5. Хімія. Біялогія. Навукі аб Зямлі;"биологические;"
Веснік Брэсцкага ўніверсітэта. Серыя 5. Хімія. Біялогія. Навукі аб Зямлі;"географические;"
Веснік Брэсцкага ўніверсітэта. Серыя 5. Хімія. Біялогія. Навукі аб Зямлі;"геолого-минералогические;"
Веснік Віцебскага дзяржаўнага ўніверсітэта;биологические, педагогические,
Веснік Віцебскага дзяржаўнага ўніверсітэта;физико-математические (математика)
Веснік Віцебскага дзяржаўнага ўніверсітэта;"исторические;"
Веснік Гродзенскага дзяржаўнага ўніверсітэта імя Янкі Купалы. Серыя 1. Гісторыя i археалогiя. Філасофія. Паліталогія;"политические;"
Веснік Гродзенскага дзяржаўнага ўніверсітэта імя Янкі Купалы. Серыя 1. Гісторыя i археалогiя. Філасофія. Паліталогія;философские
Веснік Гродзенскага дзяржаўнага ўніверсітэта імя Янкі Купалы. Серыя 2. Матэматыка. Фізіка. Інфарматыка, вылічальная тэхніка і кiраванне.;"технические (информатика, вычислительная техника и управление);"
Веснік Гродзенскага дзяржаўнага ўніверсітэта імя Янкі Купалы. Серыя 2. Матэматыка. Фізіка. Інфарматыка, вылічальная тэхніка і кiраванне.;физико-математические
Веснік Гродзенскага дзяржаўнага ўніверсітэта імя Янкі Купалы. Серыя 3. Філалогія. Педагогіка. Псіхалогія;"педагогические;"
Веснік Гродзенскага дзяржаўнага ўніверсітэта імя Янкі Купалы. Серыя 3. Філалогія. Педагогіка. Псіхалогія;"психологические;"
Веснік Гродзенскага дзяржаўнага ўніверсітэта імя Янкі Купалы. Серыя 3. Філалогія. Педагогіка. Псіхалогія;филологические
Веснік Гродзенскага дзяржаўнагаўніверсітэта імя Янкі Купалы. Серыя 4. Правазнаўства;"юридические;"
Веснік Гродзенскага дзяржаўнагаўніверсітэта імя Янкі Купалы. Серыя 5. Эканоміка. Сацыялогія. Біялогія.;"биологические;"
Веснік Гродзенскага дзяржаўнагаўніверсітэта імя Янкі Купалы. Серыя 5. Эканоміка. Сацыялогія. Біялогія.;"социологические;"
Веснік Гродзенскага дзяржаўнагаўніверсітэта імя Янкі Купалы. Серыя 5. Эканоміка. Сацыялогія. Біялогія.;экономические
Веснік Гродзенскага дзяржаўнага. ўніверсітэта імя Янкі Купалы. Серыя 6. Тэхніка.;технические
Веснік Гродзенскага дзяржаўнага. ўніверсітэта імя Янкі Купалы. Серыя 6. Тэхніка.;
Веснік Канстытуцыйнага Суда Рэспублікі Беларусь;юридические
Веснік Магілёўскага дзяржаўнага ўніверсітэта імя А.А.Куляшова. Серыя А. Гуманітарныя навукі:гісторыя, філасофія, філалогія;"исторические;"
Веснік Магілёўскага дзяржаўнага ўніверсітэта імя А.А.Куляшова. Серыя А. Гуманітарныя навукі:гісторыя, філасофія, філалогія;"филологические;"
Веснік Магілёўскага дзяржаўнага ўніверсітэта імя А.А.Куляшова. Серыя А. Гуманітарныя навукі:гісторыя, філасофія, філалогія;философские
Веснік Магілёўскага дзяржаўнага ўніверсітэта імя А.А.Куляшова. Серыя В. Прыродазнаўчыя навукі: матэматыка, фізіка, біялогія;"биологические;"
Веснік Магілёўскага дзяржаўнага ўніверсітэта імя А.А.Куляшова. Серыя В. Прыродазнаўчыя навукі: матэматыка, фізіка, біялогія;"физико-математические (математика, физика конденсированного состояния, твердотельная электроника);"
Веснік Магілёўскага дзяржаўнага ўніверсітэта імя А.А.Куляшова. Серыя С. Псіхолага-педагагічныя навукі: педагогіка, псіхалогія;"педагогические;"
Веснік Магілёўскага дзяржаўнага ўніверсітэта імя А.А.Куляшова. Серыя С. Псіхолага-педагагічныя навукі: педагогіка, псіхалогія;психологические
Веснік Магілёўскага дзяржаўнага ўніверсітэта імя А.А.Куляшов. Серыя D. Эканомка, сацыялогія, права;"социологические;"
Веснік Магілёўскага дзяржаўнага ўніверсітэта імя А.А.Куляшов. Серыя D. Эканомка, сацыялогія, права;"экономические;"
Веснік Магілёўскага дзяржаўнага ўніверсітэта імя А.А.Куляшов. Серыя D. Эканомка, сацыялогія, права;юридические
Веснік Мазырскага дзяржаўнага педагагічнага ўніверсітэта имя І.П.Шамякіна;"биологические;"
Веснік Мазырскага дзяржаўнага педагагічнага ўніверсітэта имя І.П.Шамякіна;"педагогические;"
Веснік Мазырскага дзяржаўнага педагагічнага ўніверсітэта имя І.П.Шамякіна;филологические
Веснік Палескага дзяржаўнага ўніверсітэта. Серыя грамадскіх і гуманітарных навук;"исторические;"
Веснік Палескага дзяржаўнага ўніверсітэта. Серыя грамадскіх і гуманітарных навук;"педагогические;"
Веснік Палескага дзяржаўнага ўніверсітэта. Серыя грамадскіх і гуманітарных навук;философские
Веснік Палескага дзяржаўнага ўніверсітэта. Серыя прыродазнаўчых навук;"биологические (общая биология);"
Веснік Палескага дзяржаўнага ўніверсітэта. Серыя прыродазнаўчых навук;сельскохозяйственные (рыбное хозяйство и аквакультура)
Веснік сувязі;"технические (информатика, вычислительная техника и управление; связь)"
Веснік сувязі;экономические (связь)
Вести Института современных знаний;"искусствоведение;"
Вести Института современных знаний;"культурология;"
Вести Института современных знаний;технические (информатика, вычислительная техника и управление)
Вести Института предпринимательской деятельности;экономические
Вестник Академии МВД Республики Беларусь;"исторические;"
Вестник Академии МВД Республики Беларусь;"юридические;"
Вестник Академии МВД Республики Беларусь;психологические (юридическая психология)
Вестник БарГУ. Серия: «Биологические науки (Общая биология). Сельскохозяйственные науки (Агрономия)»;"биологические (общая биология); сельскохозяйственные (агрономия)"
Вестник БарГУ. Серия: «Исторические науки и археология. Экономические науки. Юридические науки»;"исторические (отечественная история; всеобщая история; историография, источниковедение и методы исторического исследования); экономические (экономика и управление народным хозяйством);"
Вестник БарГУ. Серия: «Исторические науки и археология. Экономические науки. Юридические науки»;"юридические (теория и история права и государства; история учений о праве и государстве; конституционное право, конституционный процесс, муниципальное право; гражданское право, предпринимательское право, семейное право, международное частное право)"
Вестник БарГУ. Серия: Педагогические науки. Психологические науки. Филологические науки (литературоведение);"педагогические;"
Вестник БарГУ. Серия: Педагогические науки. Психологические науки. Филологические науки (литературоведение);"психологические;"
Вестник БарГУ. Серия: Педагогические науки. Психологические науки. Филологические науки (литературоведение);филологические (литературоведение)
Вестник БарГУ. Серия «Технические науки»;"технические (машиностроение и машиноведение; процессы и машины агроинженерных систем)"
Вестник Белорусского государственного университета транспорта ***;"технические (подвижной состав железных дорог, тяга поездов и электрификация; управление процессами перевозок)"
Вестник Белорусской государственной сельскохозяйственной академии;"сельскохозяйственные;"
Вестник Белорусской государственной сельскохозяйственной академии;"технические (сельскохозяйственное машиностроение);"
Вестник Белорусской государственной сельскохозяйственной академии;экономические (агропромышленный комплекс)
Вестник Белорусско-Российского университета;технические (машиностроение,
Вестник Белорусско-Российского университета;"электротехника);"
Вестник Белорусско-Российского университета;приборостроение
Вестник Брестского государственного технического университета. Серия «Водохозяйственное строительство, теплоэнергетика и геоэкология»;технические
Вестник Брестского государственного технического университета. Серия «Водохозяйственное строительство, теплоэнергетика и геоэкология»;(тепло- и водоснабжение, экология)
Вестник Брестского государственного технического университета. Серия «Машиностроение»;технические (машиностроение)
Вестник Брестского государственного технического университета. Серия «Физика, математика, информатика»;технические (информатика, вычислительная техника и управление)
Вестник Брестского государственного технического университета. Серия «Строительство и архитектура»;"архитектура;"
Вестник Брестского государственного технического университета. Серия «Строительство и архитектура»;технические (строительство)
Вестник Брестского государственного технического университета. Серия «Экономика»;экономические
Вестник Витебского государственного медицинского университета;"биологические (медико-биологические аспекты);"
Вестник Витебского государственного медицинского университета;"медицинские;"
Вестник Витебского государственного медицинского университета;фармацевтические
Вестник Витебского государственного технологического университета;"технические (технология машиностроения; технология и оборудование легкой промышленности; химическая технология);"
Вестник Витебского государственного технологического университета;экономические (экономика легкой промышленности, региональная экономика)
Вестник Военной академии Республики Беларусь;"военные;"
Вестник Военной академии Республики Беларусь;"технические (информатика, вычислительная техника и управление;"
Вестник Военной академии Республики Беларусь;"вооружение и военная техника; радиотехника, связь, электроника и микроэлектроника);"
Вестник Военной академии Республики Беларусь;педагогические (воинское обучение и воспитание, военная педагогика)
Вестник Гомельского государственного технического университета имени П.О.Сухого;"технические (машиностроение и машиноведение, материаловедение, энергетика);"
Вестник Гомельского государственного технического университета имени П.О.Сухого;экономические (экономика и управление промышленностью)
Вестник Института пограничной службы Республики Беларусь;"военные(национальная  безопасность);"
Вестник Института пограничной службы Республики Беларусь;"педагогические (профессиональное образование в сфере национальной безопасности);"
Вестник Института пограничной службы Республики Беларусь;психологические (психологическое обеспечение национальной безопасности)
Вестник Минского государственного лингвистического университета. Серия 1. Филология;филологические
Вестник Минского государственного лингвистического университета. Серия 2. Педагогика, психология, методика преподавания иностранных языков;"педагогические;"
Вестник Минского государственного лингвистического университета. Серия 2. Педагогика, психология, методика преподавания иностранных языков;психологические
Вестник МГИРО;"исторические (отечественная история); педагогические; психологические"
Вестник Могилевского государственного университета продовольствия;"технические (пищевые технологии; процессы, аппараты и оборудование пищевых производств)"
Вестник Полоцкого государственного университета.;"исторические;"
Серия A. Гуманитарные науки;филологические
Вестник Полоцкого государственного университета.;"технические (материаловедение);"
Серия B. Промышленность. Прикладные науки.;"машиностроение и машиноведение;"
Серия B. Промышленность. Прикладные науки.;химические технологии
Вестник Полоцкого государственного университета.;"технические (информатика, вычислительная техника и управление; электрофизика; электрофизические установки и технологии);"
Серия C. Фундаментальные науки.;физико-математические (электрофизика)
Вестник Полоцкого государственного университета. Серия D. Экономические и юридические науки;"экономические (экономика и управление промышленностью; финансы, денежное обращение и кредит; бухгалтерский учет и статистика);"
Вестник Полоцкого государственного университета. Серия D. Экономические и юридические науки;юридические
Вестник Полоцкого государственного университета. Серия E. Педагогические науки.;"культурология; педагогические;"
Вестник Полоцкого государственного университета. Серия E. Педагогические науки.;философские
Вестник Полоцкого государственного университета. Серия F. Строительство. Прикладные науки.;"технические (геодезия; геоэкология; строительство)"
Вестник Университета гражданской защиты МЧС Беларуси;"военные (гражданская оборона);"
Вестник Университета гражданской защиты МЧС Беларуси;"психологические;"
Вестник Университета гражданской защиты МЧС Беларуси;"технические (безопасность в чрезвычайных ситуациях; пожарная и промышленная безопасность; гражданская оборона)"
Вестник фармации;"медицинские (фармакология, клиническая фармакология);"
Вестник фармации;"фармацевтические;"
Вестник Фонда фундаментальных исследований**;"биологические;"
Вестник Фонда фундаментальных исследований**;"географические;"
Вестник Фонда фундаментальных исследований**;"геолого-минералогические;"
Вестник Фонда фундаментальных исследований**;"медицинские;"
Вестник Фонда фундаментальных исследований**;"технические;"
Вестник Фонда фундаментальных исследований**;"физико-математические;"
Вестник Фонда фундаментальных исследований**;химические
Весці БДПУ. Серыя 1. Педагогіка. Псіхалогія. Філалогія;"педагогические;"
Весці БДПУ. Серыя 1. Педагогіка. Псіхалогія. Філалогія;"психологические;"
Весці БДПУ. Серыя 1. Педагогіка. Псіхалогія. Філалогія;филологические
Весці БДПУ. Серыя 2. Гісторыя. Філасофія. Паліталогія. Сацыялогія. Эканоміка. Культуралогія **;"исторические;"
Весці БДПУ. Серыя 2. Гісторыя. Філасофія. Паліталогія. Сацыялогія. Эканоміка. Культуралогія **;"культурология;"
Весці БДПУ. Серыя 2. Гісторыя. Філасофія. Паліталогія. Сацыялогія. Эканоміка. Культуралогія **;"политические;"
Весці БДПУ. Серыя 2. Гісторыя. Філасофія. Паліталогія. Сацыялогія. Эканоміка. Культуралогія **;"социологические;"
Весці БДПУ. Серыя 2. Гісторыя. Філасофія. Паліталогія. Сацыялогія. Эканоміка. Культуралогія **;"философские;"
Весці БДПУ. Серыя 2. Гісторыя. Філасофія. Паліталогія. Сацыялогія. Эканоміка. Культуралогія **;экономические (экономическая теория)
Весці БДПУ. Серыя 3. Фізіка. Матэматыка. Інфарматыка. Біялогія. Геаграфія**;"биологические;"
Весці БДПУ. Серыя 3. Фізіка. Матэматыка. Інфарматыка. Біялогія. Геаграфія**;"географические;"
Весці БДПУ. Серыя 3. Фізіка. Матэматыка. Інфарматыка. Біялогія. Геаграфія**;"педагогические (теория и методика обучения математике, физике, информатике);"
Весці БДПУ. Серыя 3. Фізіка. Матэматыка. Інфарматыка. Біялогія. Геаграфія**;"технические (информатика, вычислительная техника и управление);"
Весці БДПУ. Серыя 3. Фізіка. Матэматыка. Інфарматыка. Біялогія. Геаграфія**;физико-математические (математика, оптика, физика конденсированного состояния)
Весці Беларускай дзяржаўнай акадэміі музыкі;"искусствоведение (музыкальное искусство);"
Весці Беларускай дзяржаўнай акадэміі музыкі;культурология
Весці Нацыянальнай акадэміі навук Беларусі. Серыя аграрных навук *, ***;"ветеринарные;"
Весці Нацыянальнай акадэміі навук Беларусі. Серыя аграрных навук *, ***;"сельскохозяйственные;"
Весці Нацыянальнай акадэміі навук Беларусі. Серыя аграрных навук *, ***;"технические (сельскохозяйственное машиностроение и транспорт);"
Весці Нацыянальнай акадэміі навук Беларусі. Серыя аграрных навук *, ***;экономические (агропромышленный комплекс)
Весці Нацыянальнай акадэміі навук Беларусі. Серыя біялагічных навук;биологические
Весці Нацыянальнай акадэміі навук Беларусі. Серыя гуманітарных навук *, ***;"искусствоведение;"
Весці Нацыянальнай акадэміі навук Беларусі. Серыя гуманітарных навук *, ***;"исторические;"
Весці Нацыянальнай акадэміі навук Беларусі. Серыя гуманітарных навук *, ***;"политические;"
Весці Нацыянальнай акадэміі навук Беларусі. Серыя гуманітарных навук *, ***;"социологические;"
Весці Нацыянальнай акадэміі навук Беларусі. Серыя гуманітарных навук *, ***;"филологические;"
Весці Нацыянальнай акадэміі навук Беларусі. Серыя гуманітарных навук *, ***;"философские;"
Весці Нацыянальнай акадэміі навук Беларусі. Серыя гуманітарных навук *, ***;"экономические;"
Весці Нацыянальнай акадэміі навук Беларусі. Серыя гуманітарных навук *, ***;юридические
Весці Нацыянальнай акадэміі навук Беларусі. Серыя медыцынскіх навук;"биологические (медико-биологические аспекты);"
Весці Нацыянальнай акадэміі навук Беларусі. Серыя медыцынскіх навук;медицинские
Весці Нацыянальнай акадэміі навук Беларусі. Серыя фізіка-матэматычных навук***;физико-математические (математика, информатика, физика)
Весці Нацыянальнай акадэміі навук Беларусі. Серыя фізіка-тэхнічных навук ***;"технические;"
Весці Нацыянальнай акадэміі навук Беларусі. Серыя фізіка-тэхнічных навук ***;физико-математические (прикладная физика)
Весці Нацыянальнай акадэміі навук Беларусі. Серыя хімічных навук***;"геолого-минералогические;"
Весці Нацыянальнай акадэміі навук Беларусі. Серыя хімічных навук***;"технические (химическая технология);"
Весці Нацыянальнай акадэміі навук Беларусі. Серыя хімічных навук***;химические
Ветеринарный журнал Беларуси;"биологические (общая биология);"
Ветеринарный журнал Беларуси;"ветеринарные;"
Ветеринарный журнал Беларуси;сельскохозяйственные (зоотехния)
Военная медицина;медицинские
Вопросы организации и информатизации здравоохранения;медицинские (общественное здоровье и здравоохранение)
Вычислительные методы в прикладной математике (Computational methods in applied mathematics);физико-математические (математика)
Выхаванне і дадатковая адукацыя;"педагогические (общая педагогика, история педагогики и образования; проблемы воспитания; теория и методика социокультурной деятельности)"
Вышэйшая школа *;"исторические;"
Вышэйшая школа *;"педагогические;"
Вышэйшая школа *;"психологические;"
Вышэйшая школа *;"политические;"
Вышэйшая школа *;"социологические;"
Вышэйшая школа *;философские
Геаграфія;педагогические
Гематология Трансфузиология Восточная Европа;медицинские
Гепатология и гастроэнтерология;медицинские
Гісторыя і грамадазнаўства;"исторические;"
Гісторыя і грамадазнаўства;"педагогические (история педагогики и образования, теория и методика обучения и воспитания (история);"
Гісторыя і грамадазнаўства;философские
Горная механика и машиностроение;технические (геотехнология, материаловедение, машиностроение)
Гуманитарно-экономический вестник;"исторические;"
Гуманитарно-экономический вестник;"социологические;"
Гуманитарно-экономический вестник;экономические (экономика и управление на предприятии, финансы и кредит, бухгалтерский учет и аудит)
Дерматовенерология;медицинские
Косметология;медицинские
Доклады БГУИР;"технические;"
Доклады БГУИР;физико-математические
Доклады Национальной академии наук Беларуси *;по всем отраслям науки и научным направлениям
Евразийский онкологический журнал;медицинские (онкология)
Идеологические аспекты военной безопасности;"исторические (отечественная история; история международных отношений и внешней политики);"
Идеологические аспекты военной безопасности;"политические (политические институты, процессы и технологии; политическая культура и идеология; политические проблемы международных отношений глобального и регионального развития)"
Животноводство и ветеринарная медицина;"ветеринарные;"
Животноводство и ветеринарная медицина;сельскохозяйственные (зоотехния)
Журнал Белорусского государственного университета. Физика;физико-математические (теоретическая, экспериментальная и прикладная физика)
Журнал Белорусского государственного университета. Математика. Информатика;физико-математические (математика, информатика)
Журнал Белорусского государственного университета. География. Геология;"географические;"
Журнал Белорусского государственного университета. География. Геология;геолого-минералогические
Журнал Белорусского государственного университета. Химия;химические
Журнал Белорусского государственного университета. Биология;биологические
Журнал Белорусского государственного университета. История;исторические,
Журнал Белорусского государственного университета. История;а также в области музееведения, консервации, реставрации историко-культурных объектов, документалистики, документоведения и архивоведения
Журнал Белорусского государственного университета. Экономика;экономические
Журнал Белорусского государственного университета. Право;юридические
Журнал Белорусского государственного университета. Философия. Психология;"философские;"
Журнал Белорусского государственного университета. Философия. Психология;"психологические;"
Журнал Белорусского государственного университета. Философия. Психология;социологические
Журнал Белорусского государственного университета. Международные отношения;"исторические;"
Журнал Белорусского государственного университета. Международные отношения;"политические;"
Журнал Белорусского государственного университета. Международные отношения;"юридические;"
Журнал Белорусского государственного университета. Филология;"филологические;"
Журнал Белорусского государственного университета. Филология;педагогические
Журнал Белорусского государственного университета. Журналистика. Педагогика;"филологические;"
Журнал Белорусского государственного университета. Журналистика. Педагогика;педагогические
Журнал Белорусского государственного университета. Социология;"социологические;"
Журнал Белорусского государственного университета. Социология;"политические;"
Журнал Белорусского государственного университета. Социология;философские
Журнал Белорусского государственного университета. Экология;"биологические; сельскохозяйственные; технические (экология)"
Журнал Гродненского государственного медицинского университета;"биологические (медико-биологические аспекты);"
Журнал Гродненского государственного медицинского университета;медицинские
Журнал международного права и международных отношений;"исторические;"
Журнал международного права и международных отношений;"экономические (вопросы мировой экономики и международного сотрудничества);"
Журнал международного права и международных отношений;юридические (вопросы международного права и международных отношений)
Журнал прикладной спектроскопии;"физико-математические (физика);"
Журнал прикладной спектроскопии;"биологические;"
Журнал прикладной спектроскопии;химические
Законность и правопорядок;юридические
Замежныя мовы;"педагогические;"
Замежныя мовы;филологические
Здравоохранение;"биологические (медико-биологические аспекты);"
Здравоохранение;медицинские
Земля Беларуси;"географические;"
Земля Беларуси;сельскохозяйственные (агропочвоведение, агрофизика)
Земляробства і ахова раслін;"биологические;"
Земляробства і ахова раслін;сельскохозяйственные
Известия Гомельского государственного университета имени Ф.Скорины. Гуманитарные науки;"исторические; филологические;"
Известия Гомельского государственного университета имени Ф.Скорины. Гуманитарные науки;философские
Известия Гомельского государственного университета имени Ф.Скорины. Социально-экономические и общественные науки;"педагогические;"
Известия Гомельского государственного университета имени Ф.Скорины. Социально-экономические и общественные науки;"экономические;"
Известия Гомельского государственного университета имени Ф.Скорины. Социально-экономические и общественные науки;юридические
Известия Гомельского государственного университета имени Ф.Скорины. Естественные науки;"биологические;"
Известия Гомельского государственного университета имени Ф.Скорины. Естественные науки;"технические (информационные технологии; радиотехника и связь; электроника);"
Известия Гомельского государственного университета имени Ф.Скорины. Естественные науки;физико-математические
Изобретатель;технические (машиностроение, энергетика, транспорт)
Иммунопатология, аллергология, инфектология;"биологические (медико-биологические аспекты);"
Иммунопатология, аллергология, инфектология;медицинские
Инженерно-физический журнал;"технические (теплофизика, термодинамика необратимых процессов, тепло- и массообмен);"
Инженерно-физический журнал;физико-математические (теплофизика, термодинамика необратимых процессов, тепло- и массообмен)
Инновационные технологии в медицине;"биологические (биофизика, биохимия);"
Инновационные технологии в медицине;медицинские
Интеллектуальная собственность в Беларуси;"экономические (вопросы интеллектуальной собственности);"
Интеллектуальная собственность в Беларуси;юридические (вопросы интеллектуальной собственности)
Цифровая трансформация;"технические (информатика, вычислительная техника и управление);"
Цифровая трансформация;экономические
Информатика;"технические (информатика, вычислительная техника и управление);"
Информатика;физико-математические (математика)
Иппокрена;"политические; социологические; экономические (экономика и управления народным хозяйством)"
Искусство и культура;"искусствоведение;"
Искусство и культура;"культурология;"
Искусство и культура;педагогические (педагогические проблемы в сфере культуры и искусства)
Кардиология в Беларуси;медицинские
Клиническая инфектология и паразитология;медицинские (инфекционные болезни, клиническая иммунология, аллергология и паразитология)
Лабораторная диагностика. Восточная Европа;"медицинские (лабораторная диагностика, иммунология);"
Лабораторная диагностика. Восточная Европа;"биологические (физико-химическая биология; физиология; лабораторная диагностика)"
Лечебное дело;медицинские
Літасфера;геолого-минералогические
Литье и металлургия;технические (металлургия, материаловедение)
Мастацкая і музычная адукацыя;"искусствоведение; культурология;"
Мастацкая і музычная адукацыя;педагогические
Матэматыка;педагогические
Медико-биологические проблемы жизнедеятельности;"биологические (медико-биологические аспекты);"
Медико-биологические проблемы жизнедеятельности;медицинские
Медицина;медицинские
Медицинские новости;медицинские
Медицинский журнал;"биологические (медико-биологические аспекты);"
Медицинский журнал;медицинские
Мелиорация;"сельскохозяйственные;"
Мелиорация;технические (мелиорация, рекультивация и охрана земель, гидротехническое и мелиоративное строительство, геоэкология)
Метрология и приборостроение;технические (метрология, диагностика, приборостроение)
Механика машин, механизмов и материалов;"технические (машиностроение, механика);"
Механика машин, механизмов и материалов;физико-математические (механика)
Мир спорта;"биологические (медико-биологические аспекты физической и спортивной подготовки);"
Мир спорта;"педагогические (вопросы физического воспитания, физической культуры и спортивной тренировки; техническое обеспечение физической культуры и спорта);"
Мир спорта;экономические (менеджмент, маркетинг, экономика спорта и туризма, рекреация и туризм)
Народная асвета;"педагогические;"
Народная асвета;"психологические;"
Народная асвета;филологические
Наука и военная безопасность (научное приложение к журналу «Армия»);"военные;"
Наука и военная безопасность (научное приложение к журналу «Армия»);"технические (вооружение и военная техника, моделирование боевых действий; радиотехника)"
Наука и инновации;"биологические;"
Наука и инновации;"медицинские;"
Наука и инновации;экономические (вопросы инновационного развития)
Наука и техника;"архитектура;"
Наука и техника;"технические (по группам специальностей: машиностроение и машиноведение; транспорт; геодезия и разработка полезных ископаемых; строительство и архитектура; информатика, вычислительная техника и управление; приборостроение, метрология и информационно-измерительные приборы и системы; металлургия; энергетика);"
Наука и техника;"физико-математические (механика деформируемого твердого тела; оптика);"
Наука и техника;экономические (экономика и организация производства в промышленности)
Неврология и нейрохирургия. Восточная Европа;медицинские
Нелинейные явления в сложных системах (Nonlinear Phenomena in Complex Systems);физико-математические (физика)
Неотложная кардиология и кардиоваскулярные риски;медицинские
Неразрушающий контроль и диагностика;"технические (приборы и методы контроля природной среды, веществ, материалов и изделий; методы контроля и диагностики в машиностроении)"
Нефтяник Полесья;"геолого-минералогические;"
Нефтяник Полесья;"технические (техника и технология добычи нефти; разработка нефтяных и газовых месторождений; техника и технология повышения нефтеотдачи пластов)"
Новая экономика;экономические
Новости медико-биологических наук (News in biomedical sciences);"биологические (медико-биологические аспекты);"
Новости медико-биологических наук (News in biomedical sciences);медицинские
Новости науки и технологий;"экономические;"
Новости науки и технологий;технические
Новости хирургии;медицинские
Онкологический журнал;"биологические (медико-биологические аспекты);"
Онкологический журнал;медицинские
Оториноларингология. Восточная Европа;медицинские (оториноларингология)
Офтальмология Восточная Европа;медицинские
Охрана материнства и детства;медицинские
Пачатковая школа;педагогические (начальное образование)
Пачатковае навучанне: сям’я, дзіцячы сад, школа;педагогические
Пачатковае навучанне: сям’я, дзіцячы сад, школа;"(общая педагогика, история педагогики и образования; теория и методика начального образования)"
Педагогическая наука и образование;"педагогические;"
Педагогическая наука и образование;"психологические;"
Педагогическая наука и образование;философские
Педиатрия. Восточная Европа;медицинские (педиатрия)
Пищевая промышленность: наука и технологии;технические (технологии продовольственных продуктов)
Полимерные материалы и технологии;"технические;"
Полимерные материалы и технологии;"физико-математические (механика деформируемого твердого тела; физика конденсированного состояния);"
Полимерные материалы и технологии;химические (высокомолекулярные соединения)
Полымя;филологические (литературоведение)
Потребительская кооперация;"технические (технология и товароведение продовольственных и непродовольственных товаров);"
Потребительская кооперация;экономические (проблемы потребительской кооперации)
Почвоведение и агрохимия;сельскохозяйственные
Право. Экономика. Психология;психологические, экономические, юридические
Право.by;юридические
Пралеска;педагогические (дошкольное образование и воспитание)
Предварительное расследование;юридические
Приборы и методы измерений;"технические (средства и методы измерений, контроля, диагностики и оценки качества и объектов и процессов); физико-математические (средства и методы измерений, контроля, диагностики и оценки качества и объектов и процессов)"
Прикладная спортивная наука;"педагогические (теория и методика физического воспитания, спортивной тренировки, оздоровительной и адаптивной физической культуры; техническое обеспечение физической культуры и спорта);"
Прикладная спортивная наука;"биологические (восстановительная медицина, спортивная медицина, лечебная физкультура, курортология и физиотерапия);"
Прикладная спортивная наука;медицинские (восстановительная медицина, спортивная медицина, лечебная физкультура, курортология и физиотерапия)
Природные ресурсы **;"биологические;"
Природные ресурсы **;"географические;"
Природные ресурсы **;"геолого-минералогические;"
Природные ресурсы **;"сельскохозяйственные;"
Природные ресурсы **;"технические (геоэкология);"
Природные ресурсы **;экономические (экономика природопользования)
Природопользование;"географические;"
Природопользование;"геолого-минералогические;"
Природопользование;"технические (геотехнология; геоэкология)"
Проблемы здоровья и экологии;"биологические (медико-биологические аспекты);"
Проблемы здоровья и экологии;медицинские
Проблемы инфокоммуникаций;"технические (информатика, вычислительная техника и управление; радиотехника, связь);"
Проблемы инфокоммуникаций;физико-математические (радиофизика, электроника)
Проблемы управления.Серия А (экономические науки, социологические науки, психологические науки);"психологические;"
Проблемы управления.Серия А (экономические науки, социологические науки, психологические науки);"социологические;"
Проблемы управления.Серия А (экономические науки, социологические науки, психологические науки);экономические
Проблемы управления.Серия В (философские науки, юридические науки, политические науки);"политические;"
Проблемы управления.Серия В (философские науки, юридические науки, политические науки);"философские;"
Проблемы управления.Серия В (философские науки, юридические науки, политические науки);юридические
Проблемы физики, математики и техники;"технические (информатика, вычислительная техника и управление);"
Проблемы физики, математики и техники;физико-математические (математика, физика)
Профессиональное образование;"педагогические (вопросы профессионального образования);"
Профессиональное образование;психологические (вопросы профессионального образования)
Психиатрия, психотерапия и клиническая психология;"медицинские (психиатрия и наркология); психологические (психологические аспекты психического здоровья)"
Психологический журнал;психологические
Репродуктивное здоровье. Восточная Европа;медицинские (гинекология и педиатрия)
Рецепт;"медицинские;"
Рецепт;фармацевтические
Роднае слова;"искусствоведение;"
Роднае слова;"культурология;"
Роднае слова;"педагогические (теория и методика обучения белорусскому языку и литературе);"
Роднае слова;филологические
Русский язык и литература;"педагогические;"
Русский язык и литература;филологические
Сацыяльна-эканамічныя і прававыя даследаванні;"экономические (бухгалтерский учет; статистика; экономика и управление народным хозяйством);"
Сацыяльна-эканамічныя і прававыя даследаванні;юридические
Системный анализ и прикладная информатика;"технические (информатика и управление; робототехника и мехатроника)"
Современная стоматология;медицинские
Спецыяльная адукацыя;педагогические
Стандартизация;"технические (приборостроение, метрология и информационно-измерительные приборы; стандартизация и управление качеством продукции)"
Стоматолог;медицинские (стоматология)
Стоматологический журнал;медицинские
Стоматология. Эстетика. Инновации;медицинские
Судебная экспертиза Беларуси;"медицинские (судебная медицина);"
Судебная экспертиза Беларуси;"технические (судебно-экспертная деятельность);"
Судебная экспертиза Беларуси;юридические
Судовы веснік;юридические
Теоретическая и прикладная механика;"технические (машиностроение, строительство); "
Теоретическая и прикладная механика;физико-математические (биомеханика, механика деформируемого твердого тела)
Трение и износ;"технические (машиностроение и машиноведение; химические технологии);"
Трение и износ;физико-математические (механика, физика конденсированного состояния)
Трудовое и социальное право;юридические
Трудовое и социальное право;"(трудовое право; право социального обеспечения)"
«Труды БГТУ» Серия 1. Лесное хозяйство, природопользова-ние и переработка возобновляемых ресурсов;"биологические;"
«Труды БГТУ» Серия 1. Лесное хозяйство, природопользова-ние и переработка возобновляемых ресурсов;"сельскохозяйственные;"
«Труды БГТУ» Серия 1. Лесное хозяйство, природопользова-ние и переработка возобновляемых ресурсов;технические (технологии)
«Труды БГТУ» Серия 2. Химические технологии, биотехнологии, геоэкология;"биологические (биотехнология); технические (геоэкология, технологии)"
«Труды БГТУ» Серия 3. Физико-математические науки и информатика;"технические (информатика, вычислительная техника и управление);"
«Труды БГТУ» Серия 3. Физико-математические науки и информатика;физико-математические (информатика)
«Труды БГТУ» Серия 4. Принт- и медиатехнологии;"технические (технологии, организация производства);"
«Труды БГТУ» Серия 4. Принт- и медиатехнологии;филологические
«Труды БГТУ» Серия 5. Экономика и управление;экономические
«Труды БГТУ» Серия 6. История, философия;"исторические;"
«Труды БГТУ» Серия 6. История, философия;философские
Труд. Профсоюзы. Общество.;"социологические; экономические; юридические"
Труды Института математики;физико-математические (математика)
Ученые записки учреждения образования «Витебская ордена «Знак Почета» государственная академия ветеринарной медицины»;"биологические;"
Ученые записки учреждения образования «Витебская ордена «Знак Почета» государственная академия ветеринарной медицины»;"ветеринарные;"
Ученые записки учреждения образования «Витебская ордена «Знак Почета» государственная академия ветеринарной медицины»;сельскохозяйственные
Финансы. Учет. Аудит;экономические
Фізіка;педагогические
Хирургия. Восточная Европа.;медицинские (хирургия, онкология, анестезиология)
Чрезвычайные ситуации: предупреждение и ликвидация;технические (безопасность деятельность человека)
Экология и животный мир;"биологические;"
Экология и животный мир;"ветеринарные;"
Экология и животный мир;сельскохозяйственные
Экономика и банки;"экономические (бухгалтерский учет и статистика; финансы, денежное обращение и кредит; региональная экономика)"
Экономика. Управление. Инновации;экономические
Экономический бюллетень. Научно-исследовательского экономического института Министерства экономики Республики Беларусь;экономические
Экстренная медицина;медицинские
Электроника инфо;технические (информационные технологии и системы)
Энергетика – Известия высших учебных заведений и энергетических объединений СНГ;"технические (строительство энергетических объектов; энергетика)"
Энергетика и ТЭК;технические (энергетика)
Энергетическая стратегия;технические (энергетика)
Энергия и менеджмент;технические (энергетика)
Энергоэффективность;технические (энергетика, электротехника)
Эпизоотология, иммунобиология, фармакология, санитария;"биологические;"
Эпизоотология, иммунобиология, фармакология, санитария;"ветеринарные;"
Эпизоотология, иммунобиология, фармакология, санитария;сельскохозяйственные
Юридический мир ;юридические
Юстыцыя Беларусi;юридические
Актуальные вопросы антропологии;"биологические (антропология);"
Актуальные вопросы антропологии;"исторические (антропология); медицинские (антропология)"
Актуальные вопросы переработки мясного и молочного сырья;"технические (технология продовольственных продуктов; процессы, аппараты и оборудование пищевых производств);"
Актуальные вопросы переработки мясного и молочного сырья;экономические
Актуальные проблемы гражданского права;юридические (вопросы гражданского права)
Актуальные проблемы интенсивного развития животноводства;"ветеринарные; сельскохозяйственные (зоотехния)"
Актуальные проблемы международных отношений и глобального развития;"исторические (история международных отношений и внешней политики);"
Актуальные проблемы международных отношений и глобального развития;политические (политические проблемы международных отношений, глобального и регионального развития)
Актуальные проблемы науки XXI века: сборник научных статей молодых ученых;"технические (информатика);"
Актуальные проблемы науки XXI века: сборник научных статей молодых ученых;юридические,
Актуальные проблемы науки XXI века: сборник научных статей молодых ученых; экономические
Актуальные проблемы международного публичного и международного частного права;"юридические (международное частное право; международное право; европейское право)"
Актуальные вопросы машиноведения;технические (машиноведение и машиностроение)
Актуальные проблемы неврологии и нейрохирургии;медицинские
Архіварыус;исторические
Архитектура;архитектура
БГМУ в авангарде медицинской науки и практики;медицинские
Беларускі археаграфічны штогоднік;исторические (документалистика, документо- и архивоведение, историография, источниковедение и методы исторического исследования, археология
Беларускі фальклор: матэрыялы і даследаванні;филологические (фольклористика)
Бібліятэчны веснік: зборнік артыкулаў;"исторические;"
Бібліятэчны веснік: зборнік артыкулаў;"культурология;"
Бібліятэчны веснік: зборнік артыкулаў;педагогические (библиотековедение, библиографоведение и книговедение)
Бизнес. Инновации. Экономика;экономические
Ботаника (исследования);биологические
Вопросы криминологии, криминалистики и судебной экспертизы;"юридические (уголовное право и криминология; уголовно-исполнительное право; уголовный процесс; криминалистика; судебно-экспертная деятельность; оперативно-розыскная деятельность);"
Вопросы криминологии, криминалистики и судебной экспертизы;медицинские (судебная медицина)
Вопросы рыбного хозяйства Беларуси;"биологические;"
Вопросы рыбного хозяйства Беларуси;сельскохозяйственные (зоотехния)
Гістарычна-археалагічны зборнік;исторические (отечественная история, историография, источниковедение и методы исторического исследования, археология)
Защита растений;"биологические;"
Защита растений;сельскохозяйственные
Зборнік навуковых прац Акадэміі паслядыпломнай адукацыі;"педагогические;"
Зборнік навуковых прац Акадэміі паслядыпломнай адукацыі;психологические
Здабыткі: дакументальныя помнікі на Беларусі;"исторические (документалистика, документоведение, архивоведение, историография, источниковедение и методы исторического исследования);"
Здабыткі: дакументальныя помнікі на Беларусі;"культурология;"
Здабыткі: дакументальныя помнікі на Беларусі;педагогические (библиотеко- и книговедение)
Здоровье и окружающая среда;"биологические (медико-биологические аспекты);"
Здоровье и окружающая среда;медицинские (профилактическая медицина)
Земледелие и селекция в Беларуси;сельскохозяйственные (агрономия)
Зоотехническая наука Беларуси;сельскохозяйственные
Исследования по истории Восточной Европы;исторические
Картофелеводство;"биологические;"
Картофелеводство;"сельскохозяйственные; технические (технология продовольственных продуктов)"
Матэрыялы па археалогіі Беларусі;исторические (археология)
Машиностроение;"технические (машиностроение и машиноведение; механика деформируемого твердого тела); "
Машиностроение; физико-математические (механика деформируемого твердого тела)
Металлургия;технические (машиностроение, металлургия)
Механизация и электрификация сельского хозяйства;"технические (сельскохозяйственное машиностроение; транспорт)"
Механика. Исследования и инновации;"технические (механика, машиностроение);"
Механика. Исследования и инновации;физико-математические (механика)
Микробные биотехнологии: фундаментальные и прикладные аспекты;"биологические (микробиология, биотехнология); "
Микробные биотехнологии: фундаментальные и прикладные аспекты;" химические (биотехнология);"
Микробные биотехнологии: фундаментальные и прикладные аспекты; сельскохозяйственные (зоотехния)
Молекулярная и прикладная генетика;"биологические;"
Молекулярная и прикладная генетика;"медицинские (медико-биологические аспекты);"
Молекулярная и прикладная генетика;сельскохозяйственные
Научные труды Академии управления при Президенте Республики Беларусь;"философские;"
Научные труды Академии управления при Президенте Республики Беларусь;"экономические;"
Научные труды Академии управления при Президенте Республики Беларусь;юридические
Научные труды Белорусской государственной академии музыки;искусствоведение (музыкальное искусство)
Научные труды Белорусского государственного экономического университета**;"политические;"
Научные труды Белорусского государственного экономического университета**;"социологические;"
Научные труды Белорусского государственного экономического университета**;"экономические;"
Научные труды Белорусского государственного экономического университета**;юридические
Научные труды Республиканского института высшей школы. Философско-гуманитарные науки;"политические;"
Научные труды Республиканского института высшей школы. Философско-гуманитарные науки;"философские;"
Научные труды Республиканского института высшей школы. Философско-гуманитарные науки;экономические
Научные труды Республиканского института высшей школы. Исторические и психолого-педагогические науки;"исторические;"
Научные труды Республиканского института высшей школы. Исторические и психолого-педагогические науки;"педагогические;"
Научные труды Республиканского института высшей школы. Исторические и психолого-педагогические науки;психологические
Овощеводство;"биологические;"
Овощеводство;сельскохозяйственные
Плодоводство;"биологические;"
Плодоводство;сельскохозяйственные
Порошковая металлургия;технические (нанотехнологии, порошковая металлургия)
Право в современном белорусском обществе;юридические
Проблемы гражданского права и процесса;юридические
Проблемы защиты информации (с грифом «Секретно»);"технические (информатика); физико-математические (математика, информатика)"
Проблемы лесоведения и лесоводства;"биологические;"
Проблемы лесоведения и лесоводства;сельскохозяйственные
 Проблемы перспективного развития железнодорожных станций и узлов;технические (управление процессами перевозок)
Проблемы современного бетона и железобетона;технические (строительство)
Проблемы укрепления законности и правопорядка: наука, практика, тенденции;юридические
Проблемы экономики;экономические (вопросы аграрной экономики)
Психологическое сопровождение образовательного процесса;психологические
Пытанні мастацтвазнаўства, этналогіі і фалькларыстыкі;"искусствоведение;"
Пытанні мастацтвазнаўства, этналогіі і фалькларыстыкі;"исторические (антропология; этнография, этнология);"
Пытанні мастацтвазнаўства, этналогіі і фалькларыстыкі;филологические (фольклористика)
Рынок транспортных услуг (проблемы повышения эффективности);экономические (бухгалтерский учет, статистика, экономика транспорта и транспортная логистика)
Сборник научных статей Военной академии Республики Беларусь;"военные;"
Сборник научных статей Военной академии Республики Беларусь;технические (вооружение и военная техника)
Сборник научных трудов НИИ Вооруженных Сил (с грифом «Секретно»);"военные (военное искусство и военное строительство); технические (теория вооружения, вооружение и военная техника)"
Свиридовские чтения;"педагогические (методика преподавания химии); химические"
Сельское хозяйство - проблемы и перспективы;"ветеринарные;"
Сельское хозяйство - проблемы и перспективы;"сельскохозяйственные;"
Сельское хозяйство - проблемы и перспективы;экономические (вопросы аграрной экономики)
Современная молодежь и общество;"культурология;"
Современная молодежь и общество;социологические
Современные методы и технологии создания и обработки материалов;"технические (материаловедение (машиностроение); технология машиностроения; обработка металлов давлением)"
Современные проблемы гигиены, радиационной и экологической медицины;медицинские (профилактическая медицина)
Социологический альманах;социологические
Современные перинатальные медицинские технологии в решении проблем демографической безопасности;медицинские (акушерство и гинекология, педиатрия, генетика)
Теория и методика профессионального образования;педагогические (теория и методика профессионального образования)
Тепло- и массоперенос / государственное научное учреждение «Институт тепло- и массообмена имени А.В.Лыкова Национальной академии наук Беларуси»;"технические (теплофизика и теоретическая теплотехника, энергетика);"
Тепло- и массоперенос / государственное научное учреждение «Институт тепло- и массообмена имени А.В.Лыкова Национальной академии наук Беларуси»;физико-математические (теплофизика и теоретическая теплотехника)
Труды Института национальной безопасности Республики Беларусь;"исторические;"
Труды Института национальной безопасности Республики Беларусь;"психологические;"
Труды Института национальной безопасности Республики Беларусь;юридические
Ученые записки / учреждения образования «Витебский государственный университет имени П.М.Машерова»;"исторические;"
Ученые записки / учреждения образования «Витебский государственный университет имени П.М.Машерова»;"филологические;"
Ученые записки / учреждения образования «Витебский государственный университет имени П.М.Машерова»;философские
Ученые записки. Сборник научных трудов Белорусского государственного университета физической культуры;"биологические (медико-биологические аспекты физической и спортивной подготовки);"
Ученые записки. Сборник научных трудов Белорусского государственного университета физической культуры;"педагогические (вопросы физического воспитания, физической культуры и спортивной тренировки; техническое обеспечение физической культуры и спорта)"
Философские исследования;философские
Экономика, моделирование, прогнозирование;экономические
Экономика, право и проблемы управления;"экономические;"
Экономика, право и проблемы управления;юридические
Экономическая наука сегодня;экономические
